{
	"A_Tool_4_Use_title":"A Tool",
	"A_Tool_4_Use_desc":" ",
	"A_Tool_4_Use_empty_desc":" ",
	"A_Tool_4_Use_Main_Menu_title":"Open Main Menu",
	"A_Tool_4_Use_ReLoadLua_title":"Reload 'Function'",
	"A_Tool_4_Use_RemoveUnit_title":"Remove Units",
	"A_Tool_4_Use_DayNight_title":"Day/Night Changes",
	"Tool_4_Use_DayNight_default":"Default",
	"Tool_4_Use_DayNight_pd2_env_hox_02":"Early Morning",
	"Tool_4_Use_DayNight_pd2_env_morning_02":"Morning",
	"Tool_4_Use_DayNight_pd2_env_arm_hcm_02":"Foggy Evening",
	"Tool_4_Use_DayNight_pd2_env_n2":"Night",
	"A_Tool_4_Use_GiveAnimToUnit_title":"Animation",
	"A_Tool_4_Use_SpawnEnemy_title":"Spawn Enemies",
	"A_Tool_4_Use_EnemyType_title":"Enemy States",
	"Tool_4_Use_EnemyType_off":"OFF",
	"Tool_4_Use_EnemyType_on":"ON",
	"Tool_4_Use_EnemyType_friend":"Friendly",
	"A_Tool_4_Use_AnimSyncLoop_title":"Anim Sync Delay",
	"A_Tool_4_Use_AnimSoloLoop_title":"Anim Solo Delay",
	"A_Tool_4_HeavyLoad_title":"Heavy Load",
	"A_Tool_4_HeavyLoad_Enable_title":"Enable This",
	"A_Tool_4_SafeSpawn_Enable_title":"Safe Spawn",
	"A_Tool_4_SafeSpawn_Enable_desc":"You can't spawn what it hasn't loaded yet.",
	"A_Tool_4_Use_StopUnit_title":"Stop Unit"
}