{
	"menu_id":"A_Tool_4_HeavyLoad_Menu",
	"parent_menu_id":"A_Tool_4_Use_menu_id",
	"title":"A_Tool_4_HeavyLoad_title",
	"description":"A_Tool_4_Use_empty_desc",
	"back_callback":"A_Tool_4_Use_back_callback",
	"items":[{"default_value":false,"title":"A_Tool_4_HeavyLoad_Enable_title","id":"A_Tool_4_HeavyLoad_Enable_Menu","type":"toggle","value":"HeavyLoad_Enable","callback":"A_Tool_4_Use_HeavyLoad_Enable","description":"A_Tool_4_Use_empty_desc"},{"type":"divider","size":40},{"default_value":false,"title":"heist_jolly_hl","id":"Menu_b3901c0ab75494c3","type":"toggle","value":"jolly","callback":"Cbk_b3901c0ab75494c3","description":"A_Tool_4_Use_empty_desc"},{"default_value":false,"title":"heist_firestarter_1_hl","id":"Menu_365942dea7cff009","type":"toggle","value":"firestarter_1","callback":"Cbk_365942dea7cff009","description":"A_Tool_4_Use_empty_desc"},{"default_value":false,"title":"heist_wwh_hl","id":"Menu_14db667be6f4e4f1","type":"toggle","value":"wwh","callback":"Cbk_14db667be6f4e4f1","description":"A_Tool_4_Use_empty_desc"},{"default_value":false,"title":"heist_framing_frame_1_hl","id":"Menu_e3b7a6e11e7ddc3b","type":"toggle","value":"framing_frame_1","callback":"Cbk_e3b7a6e11e7ddc3b","description":"A_Tool_4_Use_empty_desc"},{"default_value":false,"title":"heist_gallery_hl","id":"Menu_3457733a2abdc732","type":"toggle","value":"gallery","callback":"Cbk_3457733a2abdc732","description":"A_Tool_4_Use_empty_desc"},{"default_value":false,"title":"heist_branchbank_hl","id":"Menu_219367b2841a265c","type":"toggle","value":"branchbank","callback":"Cbk_219367b2841a265c","description":"A_Tool_4_Use_empty_desc"},{"default_value":false,"title":"heist_pbr_hl","id":"Menu_e8f052e54c016288","type":"toggle","value":"pbr","callback":"Cbk_e8f052e54c016288","description":"A_Tool_4_Use_empty_desc"},{"default_value":false,"title":"heist_pbr2_hl","id":"Menu_7458d089bf27d50a","type":"toggle","value":"pbr2","callback":"Cbk_7458d089bf27d50a","description":"A_Tool_4_Use_empty_desc"},{"default_value":false,"title":"heist_watchdogs_2_hl","id":"Menu_4adf88566c514d29","type":"toggle","value":"watchdogs_2_day","callback":"Cbk_4adf88566c514d29","description":"A_Tool_4_Use_empty_desc"},{"default_value":false,"title":"heist_watchdogs_2_hl","id":"Menu_7227c641073a86f5","type":"toggle","value":"watchdogs_2","callback":"Cbk_7227c641073a86f5","description":"A_Tool_4_Use_empty_desc"},{"default_value":false,"title":"heist_skm_watchdogs_stage2_h1","id":"Menu_6a324526452a0229","type":"toggle","value":"skm_watchdogs_stage2","callback":"Cbk_6a324526452a0229","description":"A_Tool_4_Use_empty_desc"},{"default_value":false,"title":"heist_mad_hl","id":"Menu_e82bc7305c4a2577","type":"toggle","value":"mad","callback":"Cbk_e82bc7305c4a2577","description":"A_Tool_4_Use_empty_desc"},{"default_value":false,"title":"heist_tag_hl","id":"Menu_2c052ebfa448975f","type":"toggle","value":"tag","callback":"Cbk_2c052ebfa448975f","description":"A_Tool_4_Use_empty_desc"},{"default_value":false,"title":"heist_election_day_3_hl","id":"Menu_1beded04d7ffe948","type":"toggle","value":"election_day_3_skip1","callback":"Cbk_1beded04d7ffe948","description":"A_Tool_4_Use_empty_desc"},{"default_value":false,"title":"heist_election_day_3_hl","id":"Menu_d376df3ad415d5d4","type":"toggle","value":"election_day_3_skip2","callback":"Cbk_d376df3ad415d5d4","description":"A_Tool_4_Use_empty_desc"},{"default_value":false,"title":"heist_election_day_3_hl","id":"Menu_be90e4c77e43df54","type":"toggle","value":"election_day_3","callback":"Cbk_be90e4c77e43df54","description":"A_Tool_4_Use_empty_desc"},{"default_value":false,"title":"heist_spa_hl","id":"Menu_77df4828328b020f","type":"toggle","value":"spa","callback":"Cbk_77df4828328b020f","description":"A_Tool_4_Use_empty_desc"},{"default_value":false,"title":"heist_brb_hl","id":"Menu_050cdd4484178c2a","type":"toggle","value":"brb","callback":"Cbk_050cdd4484178c2a","description":"A_Tool_4_Use_empty_desc"},{"default_value":false,"title":"heist_alex_3_hl","id":"Menu_3d8026d3d469cd8c","type":"toggle","value":"alex_3","callback":"Cbk_3d8026d3d469cd8c","description":"A_Tool_4_Use_empty_desc"},{"default_value":false,"title":"heist_escape_cafe_hl","id":"Menu_80b7d3781a8c094d","type":"toggle","value":"escape_cafe_day","callback":"Cbk_80b7d3781a8c094d","description":"A_Tool_4_Use_empty_desc"},{"default_value":false,"title":"heist_escape_cafe_hl","id":"Menu_15c7295f8fd86401","type":"toggle","value":"escape_cafe","callback":"Cbk_15c7295f8fd86401","description":"A_Tool_4_Use_empty_desc"},{"default_value":false,"title":"heist_cage_hl","id":"Menu_79620617b32241e3","type":"toggle","value":"cage","callback":"Cbk_79620617b32241e3","description":"A_Tool_4_Use_empty_desc"},{"default_value":false,"title":"heist_welcome_to_the_jungle_1_hl","id":"Menu_3369ae82a7b04ec3","type":"toggle","value":"welcome_to_the_jungle_1","callback":"Cbk_3369ae82a7b04ec3","description":"A_Tool_4_Use_empty_desc"},{"default_value":false,"title":"heist_welcome_to_the_jungle_1_hl","id":"Menu_e4d1c0c0e56e7e07","type":"toggle","value":"welcome_to_the_jungle_1_night","callback":"Cbk_e4d1c0c0e56e7e07","description":"A_Tool_4_Use_empty_desc"},{"default_value":false,"title":"heist_alex_2_hl","id":"Menu_1024f044a425adf9","type":"toggle","value":"alex_2","callback":"Cbk_1024f044a425adf9","description":"A_Tool_4_Use_empty_desc"},{"default_value":false,"title":"heist_rat_hl","id":"Menu_ebedb36fe7dfdbf2","type":"toggle","value":"rat","callback":"Cbk_ebedb36fe7dfdbf2","description":"A_Tool_4_Use_empty_desc"},{"default_value":false,"title":"heist_alex_1_hl","id":"Menu_1db395a65c3944be","type":"toggle","value":"alex_1","callback":"Cbk_1db395a65c3944be","description":"A_Tool_4_Use_empty_desc"},{"default_value":false,"title":"heist_pal_hl","id":"Menu_2a2416201681e039","type":"toggle","value":"pal","callback":"Cbk_2a2416201681e039","description":"A_Tool_4_Use_empty_desc"},{"default_value":false,"title":"heist_hvh_hl","id":"Menu_4b3ae51f2c856190","type":"toggle","value":"hvh","callback":"Cbk_4b3ae51f2c856190","description":"A_Tool_4_Use_empty_desc"},{"default_value":false,"title":"heist_dah_hl","id":"Menu_8d9789a70b878756","type":"toggle","value":"dah","callback":"Cbk_8d9789a70b878756","description":"A_Tool_4_Use_empty_desc"},{"default_value":false,"title":"heist_family_hl","id":"Menu_17d75eb2fdac55dd","type":"toggle","value":"family","callback":"Cbk_17d75eb2fdac55dd","description":"A_Tool_4_Use_empty_desc"},{"default_value":false,"title":"heist_peta2_hl","id":"Menu_da342eaea1d7821d","type":"toggle","value":"peta2","callback":"Cbk_da342eaea1d7821d","description":"A_Tool_4_Use_empty_desc"},{"default_value":false,"title":"heist_Enemy_Spawner_name","id":"Menu_506fba329eba5202","type":"toggle","value":"Enemy_Spawner","callback":"Cbk_506fba329eba5202","description":"A_Tool_4_Use_empty_desc"},{"default_value":false,"title":"heist_welcome_to_the_jungle_2_hl","id":"Menu_c3dc8d3d99901f0a","type":"toggle","value":"welcome_to_the_jungle_2","callback":"Cbk_c3dc8d3d99901f0a","description":"A_Tool_4_Use_empty_desc"},{"default_value":false,"title":"heist_driving_escapes_city_hl","id":"Menu_fab5bcfdff94cc4f","type":"toggle","value":"driving_escapes_city_day","callback":"Cbk_fab5bcfdff94cc4f","description":"A_Tool_4_Use_empty_desc"},{"default_value":false,"title":"heist_driving_escapes_industry_hl","id":"Menu_585b6c620ab28567","type":"toggle","value":"driving_escapes_industry_day","callback":"Cbk_585b6c620ab28567","description":"A_Tool_4_Use_empty_desc"},{"default_value":false,"title":"heist_mia2_new_hl","id":"Menu_da89d20817f4c7d3","type":"toggle","value":"mia2_new","callback":"Cbk_da89d20817f4c7d3","description":"A_Tool_4_Use_empty_desc"},{"default_value":false,"title":"heist_firestarter_2_hl","id":"Menu_ade08afe46877287","type":"toggle","value":"firestarter_2","callback":"Cbk_ade08afe46877287","description":"A_Tool_4_Use_empty_desc"},{"default_value":false,"title":"heist_red2_hl","id":"Menu_80f3d7a7a5a49b08","type":"toggle","value":"red2","callback":"Cbk_80f3d7a7a5a49b08","description":"A_Tool_4_Use_empty_desc"},{"default_value":false,"title":"heist_skm_red2_h1","id":"Menu_665c647d05cb9c10","type":"toggle","value":"skm_red2","callback":"Cbk_665c647d05cb9c10","description":"A_Tool_4_Use_empty_desc"},{"default_value":false,"title":"heist_mia_2_hl","id":"Menu_0062a6ce35443548","type":"toggle","value":"mia_2","callback":"Cbk_0062a6ce35443548","description":"A_Tool_4_Use_empty_desc"},{"default_value":false,"title":"heist_four_stores_hl","id":"Menu_de68a999fb166767","type":"toggle","value":"four_stores","callback":"Cbk_de68a999fb166767","description":"A_Tool_4_Use_empty_desc"},{"default_value":false,"title":"heist_framing_frame_3_hl","id":"Menu_b43d7207f1af7351","type":"toggle","value":"framing_frame_3","callback":"Cbk_b43d7207f1af7351","description":"A_Tool_4_Use_empty_desc"},{"default_value":false,"title":"heist_escape_garage_hl","id":"Menu_8b5f52678a5fc1e7","type":"toggle","value":"escape_garage","callback":"Cbk_8b5f52678a5fc1e7","description":"A_Tool_4_Use_empty_desc"},{"default_value":false,"title":"heist_rvd2_hl","id":"Menu_936234e10d4f9152","type":"toggle","value":"rvd2","callback":"Cbk_936234e10d4f9152","description":"A_Tool_4_Use_empty_desc"},{"default_value":false,"title":"heist_roberts_hl","id":"Menu_5ff5f58e16359d9a","type":"toggle","value":"roberts","callback":"Cbk_5ff5f58e16359d9a","description":"A_Tool_4_Use_empty_desc"},{"default_value":false,"title":"heist_kenaz_hl","id":"Menu_7162d1ce5f799b4d","type":"toggle","value":"kenaz","callback":"Cbk_7162d1ce5f799b4d","description":"A_Tool_4_Use_empty_desc"},{"default_value":false,"title":"heist_glace_hl","id":"Menu_bab81b433b613ac4","type":"toggle","value":"glace","callback":"Cbk_bab81b433b613ac4","description":"A_Tool_4_Use_empty_desc"},{"default_value":false,"title":"heist_hardware_store_name","id":"Menu_95cd4bdae5226099","type":"toggle","value":"hardware_store","callback":"Cbk_95cd4bdae5226099","description":"A_Tool_4_Use_empty_desc"},{"default_value":false,"title":"heist_run_hl","id":"Menu_ca3b6a237d44bccc","type":"toggle","value":"run","callback":"Cbk_ca3b6a237d44bccc","description":"A_Tool_4_Use_empty_desc"},{"default_value":false,"title":"heist_skm_run_h1","id":"Menu_d0401880ad44551f","type":"toggle","value":"skm_run","callback":"Cbk_d0401880ad44551f","description":"A_Tool_4_Use_empty_desc"},{"default_value":false,"title":"heist_bph_hl","id":"Menu_c4eb5313122f09b9","type":"toggle","value":"bph","callback":"Cbk_c4eb5313122f09b9","description":"A_Tool_4_Use_empty_desc"},{"default_value":false,"title":"heist_des_hl","id":"Menu_2d3335e4328fc5de","type":"toggle","value":"des","callback":"Cbk_2d3335e4328fc5de","description":"A_Tool_4_Use_empty_desc"},{"default_value":false,"title":"heist_rvd1_hl","id":"Menu_2a6bab03e1f4c4aa","type":"toggle","value":"rvd1","callback":"Cbk_2a6bab03e1f4c4aa","description":"A_Tool_4_Use_empty_desc"},{"default_value":false,"title":"heist_mia_1_hl","id":"Menu_09625b6d199b32e0","type":"toggle","value":"mia_1","callback":"Cbk_09625b6d199b32e0","description":"A_Tool_4_Use_empty_desc"},{"default_value":false,"title":"heist_chew_hl","id":"Menu_72a7cee641884d54","type":"toggle","value":"chew","callback":"Cbk_72a7cee641884d54","description":"A_Tool_4_Use_empty_desc"},{"default_value":false,"title":"heist_jewelry_store_hl","id":"Menu_2d9c96fb580dccdb","type":"toggle","value":"jewelry_store","callback":"Cbk_2d9c96fb580dccdb","description":"A_Tool_4_Use_empty_desc"},{"default_value":false,"title":"heist_nail_hl","id":"Menu_702f187b765851d5","type":"toggle","value":"nail","callback":"Cbk_702f187b765851d5","description":"A_Tool_4_Use_empty_desc"},{"default_value":false,"title":"heist_born_hl","id":"Menu_8b142a6ff351de38","type":"toggle","value":"born","callback":"Cbk_8b142a6ff351de38","description":"A_Tool_4_Use_empty_desc"},{"default_value":false,"title":"heist_short2_stage1_hl","id":"Menu_11dce518b790e82a","type":"toggle","value":"short2_stage1","callback":"Cbk_11dce518b790e82a","description":"A_Tool_4_Use_empty_desc"},{"default_value":false,"title":"heist_short2_stage2b_hl","id":"Menu_db345940d4fbd596","type":"toggle","value":"short2_stage2b","callback":"Cbk_db345940d4fbd596","description":"A_Tool_4_Use_empty_desc"},{"default_value":false,"title":"heist_mallcrasher_hl","id":"Menu_67e306711bc50b4b","type":"toggle","value":"mallcrasher","callback":"Cbk_67e306711bc50b4b","description":"A_Tool_4_Use_empty_desc"},{"default_value":false,"title":"heist_shoutout_raid_hl","id":"Menu_e0484819ee9ecc74","type":"toggle","value":"shoutout_raid","callback":"Cbk_e0484819ee9ecc74","description":"A_Tool_4_Use_empty_desc"},{"default_value":false,"title":"heist_dark_hl","id":"Menu_5cfd683b5f9613ba","type":"toggle","value":"dark","callback":"Cbk_5cfd683b5f9613ba","description":"A_Tool_4_Use_empty_desc"},{"default_value":false,"title":"heist_nightclub_hl","id":"Menu_8a5665595e2ecc45","type":"toggle","value":"nightclub","callback":"Cbk_8a5665595e2ecc45","description":"A_Tool_4_Use_empty_desc"},{"default_value":false,"title":"heist_nmh_hl","id":"Menu_6aba6eba29c8a862","type":"toggle","value":"nmh","callback":"Cbk_6aba6eba29c8a862","description":"A_Tool_4_Use_empty_desc"},{"default_value":false,"title":"heist_escape_overpass_hl","id":"Menu_2604c9c0b6a0867d","type":"toggle","value":"escape_overpass_night","callback":"Cbk_2604c9c0b6a0867d","description":"A_Tool_4_Use_empty_desc"},{"default_value":false,"title":"heist_escape_overpass_hl","id":"Menu_fb0351b4ef667be1","type":"toggle","value":"escape_overpass","callback":"Cbk_fb0351b4ef667be1","description":"A_Tool_4_Use_empty_desc"},{"default_value":false,"title":"heist_flat_hl","id":"Menu_217e46a0a355f5a1","type":"toggle","value":"flat","callback":"Cbk_217e46a0a355f5a1","description":"A_Tool_4_Use_empty_desc"},{"default_value":false,"title":"heist_escape_park_hl","id":"Menu_816de59fffd6888c","type":"toggle","value":"escape_park","callback":"Cbk_816de59fffd6888c","description":"A_Tool_4_Use_empty_desc"},{"default_value":false,"title":"heist_escape_park_hl","id":"Menu_1aad89488e3f51f8","type":"toggle","value":"escape_park_day","callback":"Cbk_1aad89488e3f51f8","description":"A_Tool_4_Use_empty_desc"},{"default_value":false,"title":"heist_help_hl","id":"Menu_f4379fae6a0f66ed","type":"toggle","value":"help","callback":"Cbk_f4379fae6a0f66ed","description":"A_Tool_4_Use_empty_desc"},{"default_value":false,"title":"heist_election_day_1_hl","id":"Menu_99968ff5a664d8d5","type":"toggle","value":"election_day_1","callback":"Cbk_99968ff5a664d8d5","description":"A_Tool_4_Use_empty_desc"},{"default_value":false,"title":"heist_chill_hl","id":"Menu_121c742c51344f99","type":"toggle","value":"chill","callback":"Cbk_121c742c51344f99","description":"A_Tool_4_Use_empty_desc"},{"default_value":false,"title":"heist_haunted_hl","id":"Menu_9cfbd2021e6b1fe6","type":"toggle","value":"haunted","callback":"Cbk_9cfbd2021e6b1fe6","description":"A_Tool_4_Use_empty_desc"},{"default_value":false,"title":"heist_chill_combat_hl","id":"Menu_d0a80367de893e08","type":"toggle","value":"chill_combat","callback":"Cbk_d0a80367de893e08","description":"A_Tool_4_Use_empty_desc"},{"default_value":false,"title":"heist_cane_hl","id":"Menu_0ca39eaf41fb9f54","type":"toggle","value":"cane","callback":"Cbk_0ca39eaf41fb9f54","description":"A_Tool_4_Use_empty_desc"},{"default_value":false,"title":"heist_friend_hl","id":"Menu_d9c32e4ad8655521","type":"toggle","value":"friend","callback":"Cbk_d9c32e4ad8655521","description":"A_Tool_4_Use_empty_desc"},{"default_value":false,"title":"heist_sah_hl","id":"Menu_d945406eecd1d3d5","type":"toggle","value":"sah","callback":"Cbk_d945406eecd1d3d5","description":"A_Tool_4_Use_empty_desc"},{"default_value":false,"title":"heist_kosugi_hl","id":"Menu_191d97d05b92ed38","type":"toggle","value":"kosugi","callback":"Cbk_191d97d05b92ed38","description":"A_Tool_4_Use_empty_desc"},{"default_value":false,"title":"heist_dinner_hl","id":"Menu_0fb252a293479f4b","type":"toggle","value":"dinner","callback":"Cbk_0fb252a293479f4b","description":"A_Tool_4_Use_empty_desc"},{"default_value":false,"title":"heist_moon_hl","id":"Menu_9944f4af1430d41f","type":"toggle","value":"moon","callback":"Cbk_9944f4af1430d41f","description":"A_Tool_4_Use_empty_desc"},{"default_value":false,"title":"heist_short1_stage2_hl","id":"Menu_4b7ce59db31ed919","type":"toggle","value":"short1_stage2","callback":"Cbk_4b7ce59db31ed919","description":"A_Tool_4_Use_empty_desc"},{"default_value":false,"title":"heist_short1_stage1_hl","id":"Menu_4b1f06cc7610c991","type":"toggle","value":"short1_stage1","callback":"Cbk_4b1f06cc7610c991","description":"A_Tool_4_Use_empty_desc"},{"default_value":false,"title":"heist_escape_street_hl","id":"Menu_cfc43d501d3f0041","type":"toggle","value":"escape_street","callback":"Cbk_cfc43d501d3f0041","description":"A_Tool_4_Use_empty_desc"},{"default_value":false,"title":"heist_election_day_2_hl","id":"Menu_70160e565038174c","type":"toggle","value":"election_day_2","callback":"Cbk_70160e565038174c","description":"A_Tool_4_Use_empty_desc"},{"default_value":false,"title":"heist_arena_hl","id":"Menu_8692dea2fa145f6f","type":"toggle","value":"arena","callback":"Cbk_8692dea2fa145f6f","description":"A_Tool_4_Use_empty_desc"},{"default_value":false,"title":"heist_big_hl","id":"Menu_7faedfd916689b40","type":"toggle","value":"big","callback":"Cbk_7faedfd916689b40","description":"A_Tool_4_Use_empty_desc"},{"default_value":false,"title":"heist_crojob2_hl","id":"Menu_41c837369d7d42ba","type":"toggle","value":"crojob2","callback":"Cbk_41c837369d7d42ba","description":"A_Tool_4_Use_empty_desc"},{"default_value":false,"title":"heist_crojob3_hl","id":"Menu_f6423cab5f3f50fa","type":"toggle","value":"crojob3_night","callback":"Cbk_f6423cab5f3f50fa","description":"A_Tool_4_Use_empty_desc"},{"default_value":false,"title":"heist_crojob3_hl","id":"Menu_5a53a6d252e66197","type":"toggle","value":"crojob3","callback":"Cbk_5a53a6d252e66197","description":"A_Tool_4_Use_empty_desc"},{"default_value":false,"title":"heist_TheBox_1_name","id":"Menu_f9340a9d67f575cf","type":"toggle","value":"TheBox_1","callback":"Cbk_f9340a9d67f575cf","description":"A_Tool_4_Use_empty_desc"},{"default_value":false,"title":"heist_hox_1_hl","id":"Menu_e94838869ef96bd4","type":"toggle","value":"hox_1","callback":"Cbk_e94838869ef96bd4","description":"A_Tool_4_Use_empty_desc"},{"default_value":false,"title":"heist_skm_mus_h1","id":"Menu_09ca7459f3b3a80f","type":"toggle","value":"skm_mus","callback":"Cbk_09ca7459f3b3a80f","description":"A_Tool_4_Use_empty_desc"},{"default_value":false,"title":"heist_mus_hl","id":"Menu_276ede516562fe56","type":"toggle","value":"mus","callback":"Cbk_276ede516562fe56","description":"A_Tool_4_Use_empty_desc"},{"default_value":false,"title":"heist_hox_3_hl","id":"Menu_e5228c423007cfbc","type":"toggle","value":"hox_3","callback":"Cbk_e5228c423007cfbc","description":"A_Tool_4_Use_empty_desc"},{"default_value":false,"title":"heist_safehouse_hl","id":"Menu_14673cd88da08322","type":"toggle","value":"safehouse","callback":"Cbk_14673cd88da08322","description":"A_Tool_4_Use_empty_desc"},{"default_value":false,"title":"heist_hox_2_hl","id":"Menu_cf2594860a0ec6dd","type":"toggle","value":"hox_2","callback":"Cbk_cf2594860a0ec6dd","description":"A_Tool_4_Use_empty_desc"},{"default_value":false,"title":"heist_vit_hl","id":"Menu_a99c8190a76911c0","type":"toggle","value":"vit","callback":"Cbk_a99c8190a76911c0","description":"A_Tool_4_Use_empty_desc"},{"default_value":false,"title":"heist_fish_hl","id":"Menu_c8c9490ab9e996b6","type":"toggle","value":"fish","callback":"Cbk_c8c9490ab9e996b6","description":"A_Tool_4_Use_empty_desc"},{"default_value":false,"title":"heist_peta_hl","id":"Menu_5f2106f8d7bc18ad","type":"toggle","value":"peta","callback":"Cbk_5f2106f8d7bc18ad","description":"A_Tool_4_Use_empty_desc"},{"default_value":false,"title":"heist_framing_frame_2_hl","id":"Menu_08b6366ac34820c8","type":"toggle","value":"framing_frame_2","callback":"Cbk_08b6366ac34820c8","description":"A_Tool_4_Use_empty_desc"},{"default_value":false,"title":"heist_arm_cro_hl","id":"Menu_a0acb9053e8e9d8a","type":"toggle","value":"arm_cro","callback":"Cbk_a0acb9053e8e9d8a","description":"A_Tool_4_Use_empty_desc"},{"default_value":false,"title":"heist_arm_hcm_hl","id":"Menu_667c74f335175c91","type":"toggle","value":"arm_hcm","callback":"Cbk_667c74f335175c91","description":"A_Tool_4_Use_empty_desc"},{"default_value":false,"title":"heist_arm_fac_hl","id":"Menu_f7376499f816057e","type":"toggle","value":"arm_fac","callback":"Cbk_f7376499f816057e","description":"A_Tool_4_Use_empty_desc"},{"default_value":false,"title":"heist_arm_par_hl","id":"Menu_e6c260b6e942e3c4","type":"toggle","value":"arm_par","callback":"Cbk_e6c260b6e942e3c4","description":"A_Tool_4_Use_empty_desc"},{"default_value":false,"title":"heist_arm_for_hl","id":"Menu_4b0148eab750678e","type":"toggle","value":"arm_for","callback":"Cbk_4b0148eab750678e","description":"A_Tool_4_Use_empty_desc"},{"default_value":false,"title":"heist_arm_und_hl","id":"Menu_1e0485aa0b88342d","type":"toggle","value":"arm_und","callback":"Cbk_1e0485aa0b88342d","description":"A_Tool_4_Use_empty_desc"},{"default_value":false,"title":"heist_watchdogs_1_hl","id":"Menu_22492b59c1666749","type":"toggle","value":"watchdogs_1_night","callback":"Cbk_22492b59c1666749","description":"A_Tool_4_Use_empty_desc"},{"default_value":false,"title":"heist_watchdogs_1_hl","id":"Menu_4f8b09ff4e2ebfc6","type":"toggle","value":"watchdogs_1","callback":"Cbk_4f8b09ff4e2ebfc6","description":"A_Tool_4_Use_empty_desc"},{"default_value":false,"title":"heist_firestarter_3_hl","id":"Menu_862570164f91858e","type":"toggle","value":"firestarter_3","callback":"Cbk_862570164f91858e","description":"A_Tool_4_Use_empty_desc"},{"default_value":false,"title":"heist_ukrainian_job_hl","id":"Menu_9c7d50beadfddff1","type":"toggle","value":"ukrainian_job","callback":"Cbk_9c7d50beadfddff1","description":"A_Tool_4_Use_empty_desc"},{"default_value":false,"title":"heist_man_hl","id":"Menu_58f9e5ca6cea6784","type":"toggle","value":"man","callback":"Cbk_58f9e5ca6cea6784","description":"A_Tool_4_Use_empty_desc"},{"default_value":false,"title":"heist_pines_hl","id":"Menu_aae63f01c1b697e9","type":"toggle","value":"pines","callback":"Cbk_aae63f01c1b697e9","description":"A_Tool_4_Use_empty_desc"}]
}
