{
	"menu_id":"A_Tool_4_Use_menu_id",
	"parent_menu_id":"blt_options",
	"title":"A_Tool_4_Use_title",
	"description":"A_Tool_4_Use_desc",
	"back_callback":"A_Tool_4_Use_back_callback",
	"items":[
		{
			"type" : "button",
			"id" : "A_Tool_4_Use_Main_Menu",
			"title" : "A_Tool_4_Use_Main_Menu_title",
			"description" : "A_Tool_4_Use_empty_desc",
			"callback" : "A_Tool_4_Use_Main_Menu"
		},
		{"type": "divider", "size": 20},
		{
			"type":"toggle",
			"id":"A_Tool_4_SafeSpawn_Enable_Menu",
			"title":"A_Tool_4_SafeSpawn_Enable_title",
			"description":"A_Tool_4_SafeSpawn_Enable_desc",
			"value":"SafeSpawn_Enable",
			"default_value":true,
			"callback":"A_Tool_4_Use_SafeSpawn_Enable"
		},
		{"type": "divider", "size": 20},
		{
			"type" : "button",
			"id" : "A_Tool_4_SpawnEnemy_Menu",
			"title" : "A_Tool_4_Use_SpawnEnemy_title",
			"description" : "A_Tool_4_Use_empty_desc",
			"callback" : "A_Tool_4_Use_SpawnEnemy_Menu"
		},
		{
			"type" : "button",
			"id" : "A_Tool_4_GiveAnimToUnit_Menu",
			"title" : "A_Tool_4_Use_GiveAnimToUnit_title",
			"description" : "A_Tool_4_Use_empty_desc",
			"callback" : "A_Tool_4_Use_GiveAnimToUnit"
		},
		{
			"type":"multiple_choice",
			"id":"A_Tool_4_DayNight_Menu",
			"title":"A_Tool_4_Use_DayNight_title",
			"description":"A_Tool_4_Use_empty_desc",
			"callback":"A_Tool_4_Use_DayNight",
			"items":[
				"Tool_4_Use_DayNight_default",
				"Tool_4_Use_DayNight_pd2_env_hox_02",
				"Tool_4_Use_DayNight_pd2_env_morning_02",
				"Tool_4_Use_DayNight_pd2_env_arm_hcm_02",
				"Tool_4_Use_DayNight_pd2_env_n2"
			],
			"value":"DayNight"
		},
		{
			"type":"multiple_choice",
			"id":"A_Tool_4_EnemyType_Menu",
			"title":"A_Tool_4_Use_EnemyType_title",
			"description":"A_Tool_4_Use_empty_desc",
			"callback":"A_Tool_4_Use_EnemyType",
			"items":[
				"Tool_4_Use_EnemyType_off",
				"Tool_4_Use_EnemyType_on",
				"Tool_4_Use_EnemyType_friend"
			],
			"value":"EnemyStates"
		},
		{
			"type" : "button",
			"id" : "A_Tool_4_RemoveUnit_Menu",
			"title" : "A_Tool_4_Use_RemoveUnit_title",
			"description" : "A_Tool_4_Use_empty_desc",
			"callback" : "A_Tool_4_Use_RemoveUnit"
		},
		{
			"type" : "button",
			"id" : "A_Tool_4_StopUnit_Menu",
			"title" : "A_Tool_4_Use_StopUnit_title",
			"description" : "A_Tool_4_Use_empty_desc",
			"callback" : "A_Tool_4_Use_StopUnit"
		},
		{"type": "divider", "size": 20},
		{
			"type" : "slider",
			"id" : "A_Tool_4_AnimSyncLoop_Menu",
			"title" : "A_Tool_4_Use_AnimSyncLoop_title",
			"description" : "A_Tool_4_Use_empty_desc",
			"callback" : "A_Tool_4_Use_AnimSyncLoop",
			"value" : "AnimSyncLoop",
			"default_value" : 1,
			"max" : 100,
			"min" : 0,
			"step" : 0.1
		},
		{
			"type" : "slider",
			"id" : "A_Tool_4_AnimSoloLoop_Menu",
			"title" : "A_Tool_4_Use_AnimSoloLoop_title",
			"description" : "A_Tool_4_Use_empty_desc",
			"callback" : "A_Tool_4_Use_AnimSoloLoop",
			"value" : "AnimSoloLoop",
			"default_value" : 1,
			"max" : 100,
			"min" : 0,
			"step" : 0.1
		},
		{"type": "divider", "size": 20},
		{
			"type" : "button",
			"id" : "A_Tool_4_ReLoadLua_Menu",
			"title" : "A_Tool_4_Use_ReLoadLua_title",
			"description" : "A_Tool_4_Use_empty_desc",
			"callback" : "A_Tool_4_Use_ReLoadLua"
		},
		{"type": "divider", "size": 20}
	]
}